tema,ejes_asociados,total_instrumentos,sinonimos_busqueda,id_test,sigla_test,nombre_test,eje_test,constructo,tipo_instrumento,acceso
Adicciones conductuales,Eje I,2,apuestas; juego patológico; ludopatía; uso de internet,iat_41,IAT,Test de Adicción a Internet,Eje I,Adicciones conductuales,Autoinforme,abierto
Adicciones conductuales,Eje I,2,apuestas; juego patológico; ludopatía; uso de internet,sogs_42,SOGS,Prueba de Detección de Juego Patológico de South Oaks,Eje I,Adicciones conductuales,Observacional / Registro conductual,abierto
Afrontamiento interpersonal y asertividad,Eje II,1,ISS; Inventario de Situaciones Sociales (ISS),iss_new,ISS,Inventario de Situaciones Sociales (ISS),Eje II,Afrontamiento interpersonal y asertividad,Autoinforme,abierto
Afrontamiento y resiliencia,Eje II; Eje III; Eje IV; Eje VI,9,adaptación; coping; resiliencia; tolerancia a la frustración,brief_cope_66,Brief COPE,Inventario Breve de Afrontamiento,Eje II,Exposición y afrontamiento,Autoinforme,abierto
Afrontamiento y resiliencia,Eje II; Eje III; Eje IV; Eje VI,9,adaptación; coping; resiliencia; tolerancia a la frustración,cd-risc_115,CD-RISC,Escala de Resiliencia de Connor-Davidson,Eje IV,"Resiliencia, Afrontamiento y Fortalezas",Autoinforme,comercial
Afrontamiento y resiliencia,Eje II; Eje III; Eje IV; Eje VI,9,adaptación; coping; resiliencia; tolerancia a la frustración,lot-r_116,LOT-R,Test de Orientación Vital Revisado (Optimismo),Eje III,"Resiliencia, Afrontamiento y Fortalezas",Autoinforme,abierto
Afrontamiento y resiliencia,Eje II; Eje III; Eje IV; Eje VI,9,adaptación; coping; resiliencia; tolerancia a la frustración,via-is_118,VIA-IS,Inventario VIA de Fortalezas Personales,Eje IV,"Resiliencia, Afrontamiento y Fortalezas",Autoinforme,abierto
Afrontamiento y resiliencia,Eje II; Eje III; Eje IV; Eje VI,9,adaptación; coping; resiliencia; tolerancia a la frustración,bipq_143,BIPQ,Cuestionario Breve de Percepción de Enfermedad (incluye IPQ-R como versión anidada),Eje VI,Enfermedad médica y afrontamiento,Autoinforme,abierto
Afrontamiento y resiliencia,Eje II; Eje III; Eje IV; Eje VI,9,adaptación; coping; resiliencia; tolerancia a la frustración,mac_144,MAC,Escala de Ajuste Mental al Cáncer,Eje VI,Enfermedad médica y afrontamiento,Autoinforme,comercial
Afrontamiento y resiliencia,Eje II; Eje III; Eje IV; Eje VI,9,adaptación; coping; resiliencia; tolerancia a la frustración,cae_156,CAE,Cuestionario de Afrontamiento del Estres,Eje II,Estrategias de afrontamiento del estres,Autoinforme,academico
Afrontamiento y resiliencia,Eje II; Eje III; Eje IV; Eje VI,9,adaptación; coping; resiliencia; tolerancia a la frustración,rs14_162,RS-14,Escala de Resiliencia de 14 items,Eje II,Resiliencia,Autoinforme,academico
Afrontamiento y resiliencia,Eje II; Eje III; Eje IV; Eje VI,9,adaptación; coping; resiliencia; tolerancia a la frustración,cope48_167,COPE-48,Versión española del COPE-48 (adaptación clínica del COPE Inventory),Eje II,"Afrontamiento (coping), 9 escalas clínicas",Autoinforme,abierto
Agitación psicomotriz e impulsividad aguda,Eje I,1,ABS; Escala de Comportamiento Agitado de Corrigan (ABS),abs_new,ABS,Escala de Comportamiento Agitado de Corrigan (ABS),Eje I,Agitación psicomotriz e impulsividad aguda,Observacional / Registro conductual,abierto
"Agresividad, ira y violencia",Eje I; Eje III,10,agresión física; conducta violenta; hostilidad; rabia,aq_29,AQ,Cuestionario de Agresión,Eje I,Agresividad e ira,Autoinforme,abierto
"Agresividad, ira y violencia",Eje I; Eje III,10,agresión física; conducta violenta; hostilidad; rabia,staxi-2_30,STAXI-2,Inventario de Expresión de Ira Estado-Rasgo 2,Eje I,Agresividad e ira,Autoinforme,comercial
"Agresividad, ira y violencia",Eje I; Eje III,10,agresión física; conducta violenta; hostilidad; rabia,rpq_31,RPQ,Cuestionario de Agresión Reactiva-Proactiva,Eje I,Agresividad e ira,Autoinforme,abierto
"Agresividad, ira y violencia",Eje I; Eje III,10,agresión física; conducta violenta; hostilidad; rabia,pcl-r_32,PCL-R,Escala de Calificación de Psicopatía Revisada,Eje III,Conducta antisocial,Heteroaplicado / Entrevista clínica,comercial
"Agresividad, ira y violencia",Eje I; Eje III,10,agresión física; conducta violenta; hostilidad; rabia,srp-iv_33,SRP-IV,Escala de Autoinforme de Psicopatía - Versión IV,Eje III,Conducta antisocial,Autoinforme,comercial
"Agresividad, ira y violencia",Eje I; Eje III,10,agresión física; conducta violenta; hostilidad; rabia,scid-5-pd_34,SCID-5-PD,SCID-5-PD (Trastorno de la Personalidad Antisocial),Eje I,Conducta antisocial,Heteroaplicado / Entrevista clínica,comercial
"Agresividad, ira y violencia",Eje I; Eje III,10,agresión física; conducta violenta; hostilidad; rabia,hcr-20_v3_49,HCR-20 v3,Guía de Evaluación del Riesgo de Violencia,Eje I,Riesgo de violencia,Autoinforme,comercial
"Agresividad, ira y violencia",Eje I; Eje III,10,agresión física; conducta violenta; hostilidad; rabia,oas_177,OAS,Overt Aggression Scale,Eje I,Agresividad manifiesta observada,Heteroaplicado / Entrevista clínica,academico
"Agresividad, ira y violencia",Eje I; Eje III,10,agresión física; conducta violenta; hostilidad; rabia,rvplutchik_186,RV-Plutchik,Escala de Riesgo de Violencia de Plutchik,Eje I,Riesgo de violencia autodirigida,Autoinforme,academico
"Agresividad, ira y violencia",Eje I; Eje III,10,agresión física; conducta violenta; hostilidad; rabia,bdhi_194,BDHI,Buss-Durkee Hostility Inventory,Eje I,Hostilidad/agresividad,Autoinforme,academico
Alfabetización y conductas de salud,Eje VI,6,adherencia terapéutica; autocuidado; conductas de salud,ipaq_141,IPAQ,Cuestionario Internacional de Actividad Física,Eje VI,Conductas de salud,Autoinforme,abierto
Alfabetización y conductas de salud,Eje VI,6,adherencia terapéutica; autocuidado; conductas de salud,mgl_o_mmas-4_142,MGL o MMAS-4,Cuestionario de Adherencia a la Medicación de Morisky-Green-Levine,Eje VI,Conductas de salud,Autoinforme,abierto
Alfabetización y conductas de salud,Eje VI,6,adherencia terapéutica; autocuidado; conductas de salud,hls-eu-q16_145,HLS-EU-Q16,Cuestionario Europeo de Alfabetización en Salud - Versión Corta,Eje VI,Alfabetización en salud y relación con el sistema,Autoinforme,abierto
Alfabetización y conductas de salud,Eje VI,6,adherencia terapéutica; autocuidado; conductas de salud,sahlsa-50_146,SAHLSA-50,Evaluación Breve de Alfabetización en Salud para Adultos de Habla Hispana,Eje VI,Alfabetización en salud y relación con el sistema,Autoinforme,abierto
Alfabetización y conductas de salud,Eje VI,6,adherencia terapéutica; autocuidado; conductas de salud,semcds_new1,SEMCD-S,Spanish Chronic Disease Self-Efficacy Scale,Eje VI,Autoeficacia/autocuidado en enfermedad crónica,Autoinforme,abierto
Alfabetización y conductas de salud,Eje VI,6,adherencia terapéutica; autocuidado; conductas de salud,eheals_new1,eHEALS,eHealth Literacy Scale,Eje VI,Alfabetización digital en salud,Autoinforme,abierto
Ansiedad generalizada,Eje I,1,Carroll-TAG; Escala de Detección del TAG de Carroll y Davidson,carroll-tag_new,Carroll-TAG,Escala de Detección del TAG de Carroll y Davidson,Eje I,Ansiedad generalizada,Heteroaplicado / Entrevista clínica,abierto
Ansiedad psíquica y somática,Eje I,1,Escala de Hamilton para la Ansiedad (HAM-A); HARS,hars_new,HARS,Escala de Hamilton para la Ansiedad (HAM-A),Eje I,Ansiedad psíquica y somática,Heteroaplicado / Entrevista clínica,abierto
Ansiedad y fobia,Eje I; Eje II; Eje VI,13,TAG; agorafobia; crisis de angustia; fobia social; pánico,stai_0,STAI,Inventario de Ansiedad Estado-Rasgo,Eje I,Ansiedad y miedo,Autoinforme,comercial
Ansiedad y fobia,Eje I; Eje II; Eje VI,13,TAG; agorafobia; crisis de angustia; fobia social; pánico,bai_1,BAI,Inventario de Ansiedad de Beck,Eje I,Ansiedad y miedo,Autoinforme,comercial
Ansiedad y fobia,Eje I; Eje II; Eje VI,13,TAG; agorafobia; crisis de angustia; fobia social; pánico,gad-7_2,GAD-7,Escala de Trastorno de Ansiedad Generalizada - 7,Eje I,Ansiedad y miedo,Autoinforme,abierto
Ansiedad y fobia,Eje I; Eje II; Eje VI,13,TAG; agorafobia; crisis de angustia; fobia social; pánico,isra_3,ISRA,Inventario de Situaciones y Respuestas de Ansiedad,Eje I,Ansiedad y miedo,Autoinforme,comercial
Ansiedad y fobia,Eje I; Eje II; Eje VI,13,TAG; agorafobia; crisis de angustia; fobia social; pánico,hads_4,HADS,Escala de Ansiedad y Depresión Hospitalaria,Eje I,Ansiedad y miedo,Autoinforme,comercial
Ansiedad y fobia,Eje I; Eje II; Eje VI,13,TAG; agorafobia; crisis de angustia; fobia social; pánico,pswq_52,PSWQ,Cuestionario de Preocupación del Estado de Pensilvania,Eje II,Preocupación crónica,Autoinforme,abierto
Ansiedad y fobia,Eje I; Eje II; Eje VI,13,TAG; agorafobia; crisis de angustia; fobia social; pánico,ius-12_53,IUS-12,Escala de Intolerancia a la Incertidumbre,Eje II,Intolerancia a la incertidumbre,Autoinforme,abierto
Ansiedad y fobia,Eje I; Eje II; Eje VI,13,TAG; agorafobia; crisis de angustia; fobia social; pánico,csi_new1,CSI,Inventario de Sensibilización Central,Eje VI,Sensibilización central y carga de síntomas,Autoinforme,abierto
Ansiedad y fobia,Eje I; Eje II; Eje VI,13,TAG; agorafobia; crisis de angustia; fobia social; pánico,sias_152,SIAS,Escala de Ansiedad ante la Interaccion Social,Eje I,Ansiedad ante la interaccion social directa,Autoinforme,academico
Ansiedad y fobia,Eje I; Eje II; Eje VI,13,TAG; agorafobia; crisis de angustia; fobia social; pánico,sads_153,SADS,Escala de Estres y Evitacion Social (Social Avoidance and Distress Scale),Eje I,Malestar subjetivo y evitacion conductual en situaciones sociales,Autoinforme,academico
Ansiedad y fobia,Eje I; Eje II; Eje VI,13,TAG; agorafobia; crisis de angustia; fobia social; pánico,spin_188,SPIN,Social Phobia Inventory,Eje I,Fobia social,Autoinforme,academico
Ansiedad y fobia,Eje I; Eje II; Eje VI,13,TAG; agorafobia; crisis de angustia; fobia social; pánico,bsps_189,BSPS,Brief Social Phobia Scale (Davidson),Eje I,Fobia social (heteroaplicada),Autoinforme,academico
Ansiedad y fobia,Eje I; Eje II; Eje VI,13,TAG; agorafobia; crisis de angustia; fobia social; pánico,bsa_190,BSA,Brief Scale for Anxiety (Tyrer),Eje I,Ansiedad general (heteroaplicada),Autoinforme,academico
Apego y relaciones interpersonales,Eje II; Eje IV; Eje VI,7,apego ansioso; apego evitativo; asertividad; dependencia emocional,ecr-r_69,ECR-R,Experiencias en Relaciones Cercanas - Revisado,Eje II,Apego,Autoinforme,abierto
Apego y relaciones interpersonales,Eje II; Eje IV; Eje VI,7,apego ansioso; apego evitativo; asertividad; dependencia emocional,idi_70,IDI,Inventario de Dependencia Interpersonal,Eje II,Dependencia interpersonal,Autoinforme,abierto
Apego y relaciones interpersonales,Eje II; Eje IV; Eje VI,7,apego ansioso; apego evitativo; asertividad; dependencia emocional,rsq_71,RSQ,Cuestionario de Sensibilidad al Rechazo,Eje II,Sensibilidad al rechazo,Autoinforme,abierto
Apego y relaciones interpersonales,Eje II; Eje IV; Eje VI,7,apego ansioso; apego evitativo; asertividad; dependencia emocional,iip-32_72,IIP-32,Inventario de Problemas Interpersonales (Versión Breve),Eje II,Comunicación interpersonal y Asertividad,Autoinforme,abierto
Apego y relaciones interpersonales,Eje II; Eje IV; Eje VI,7,apego ansioso; apego evitativo; asertividad; dependencia emocional,ras_73,RAS,Escala de Asertividad de Rathus,Eje II,Comunicación interpersonal y Asertividad,Autoinforme,abierto
Apego y relaciones interpersonales,Eje II; Eje IV; Eje VI,7,apego ansioso; apego evitativo; asertividad; dependencia emocional,cremp_new1,CREM-P,Cuestionario de Relaciones Médico-Paciente (adaptación española del PDRQ),Eje VI,Relación paciente-profesional,Autoinforme,abierto
Apego y relaciones interpersonales,Eje II; Eje IV; Eje VI,7,apego ansioso; apego evitativo; asertividad; dependencia emocional,ras-h_170,RAS-H,Escala de Valoración de la Relación (Relationship Assessment Scale - Hendrick),Eje IV,Satisfacción diádica y calidad de la relación de pareja,Autoinforme,academico
Apoyo social y familia,Eje II; Eje III; Eje IV,9,dinámica de pareja; funcionamiento familiar; red de apoyo,ucla-r_74,UCLA-R,Escala de Soledad de UCLA Revisada,Eje II,Soledad y aislamiento social,Autoinforme,abierto
Apoyo social y familia,Eje II; Eje III; Eje IV,9,dinámica de pareja; funcionamiento familiar; red de apoyo,djgls_75,DJGLS,Escala de Soledad de De Jong Gierveld,Eje II,Soledad y aislamiento social,Autoinforme,abierto
Apoyo social y familia,Eje II; Eje III; Eje IV,9,dinámica de pareja; funcionamiento familiar; red de apoyo,ismi_98,ISMI,Escala de Estigma Internalizado de la Enfermedad Mental,Eje III,Estigma y discriminación,Autoinforme,abierto
Apoyo social y familia,Eje II; Eje III; Eje IV,9,dinámica de pareja; funcionamiento familiar; red de apoyo,eod_99,EOD,Escala de Experiencias de Discriminación,Eje III,Estigma y discriminación,Autoinforme,abierto
Apoyo social y familia,Eje II; Eje III; Eje IV,9,dinámica de pareja; funcionamiento familiar; red de apoyo,mos-sss_107,MOS-SSS,Cuestionario de Apoyo Social del Medical Outcomes Study,Eje IV,Apoyo social y Funcionamiento familiar,Autoinforme,abierto
Apoyo social y familia,Eje II; Eje III; Eje IV,9,dinámica de pareja; funcionamiento familiar; red de apoyo,faces-iv_108,FACES-IV,Escala de Cohesión y Adaptabilidad Familiar,Eje IV,Apoyo social y Funcionamiento familiar,Autoinforme,abierto
Apoyo social y familia,Eje II; Eje III; Eje IV,9,dinámica de pareja; funcionamiento familiar; red de apoyo,apgar_109,APGAR,APGAR Familiar,Eje IV,Apoyo social y Funcionamiento familiar,Autoinforme,abierto
Apoyo social y familia,Eje II; Eje III; Eje IV,9,dinámica de pareja; funcionamiento familiar; red de apoyo,eas_157,EAS,Escala de Apoyo Social,Eje II,Apoyo social percibido (familiar y de amistades),Autoinforme,academico
Apoyo social y familia,Eje II; Eje III; Eje IV,9,dinámica de pareja; funcionamiento familiar; red de apoyo,sass_213,SASS,Social Adaptation Self-evaluation Scale,Eje IV,Adaptación social,Autoinforme,academico
Atención y concentración,Eje V,2,atención dividida; atención sostenida; concentración; vigilancia,d2-r_121,d2-R,Test de Atención d2-R,Eje V,"Atención (Sostenida, Selectiva, Dividida y Vigilancia)",Rendimiento neurocognitivo / Tarea de ejecución,comercial
Atención y concentración,Eje V,2,atención dividida; atención sostenida; concentración; vigilancia,tmt_122,TMT,Test del Trazo (Trail Making Test),Eje V,"Atención (Sostenida, Selectiva, Dividida y Vigilancia)",Rendimiento neurocognitivo / Tarea de ejecución,abierto
Autoconcepto y autoeficacia creativa,Eje III,1,CREA-24; Escala de Autopercepción de Creatividad (CREA-24),crea-24_new,CREA-24,Escala de Autopercepción de Creatividad (CREA-24),Eje III,Autoconcepto y autoeficacia creativa,Autoinforme,abierto
Autoestima y autoconcepto,Eje III,3,autoeficacia; autoimagen; valía personal,rses_84,RSES,Escala de Autoestima de Rosenberg,Eje III,Autoestima,Autoinforme,abierto
Autoestima y autoconcepto,Eje III,3,autoeficacia; autoimagen; valía personal,af-5_85,AF-5,Autoconcepto Forma 5,Eje III,Autoconcepto,Autoinforme,comercial
Autoestima y autoconcepto,Eje III,3,autoeficacia; autoimagen; valía personal,gse_86,GSE,Escala de Autoeficacia General,Eje III,Autoeficacia,Autoinforme,abierto
Autonomía funcional y dependencia biológica,Eje IV,1,KATZ; Índice de Katz de Actividades Básicas de la Vida Diaria (ABVD),katz_new,KATZ,Índice de Katz de Actividades Básicas de la Vida Diaria (ABVD),Eje IV,Autonomía funcional y dependencia biológica,Observacional / Registro conductual,abierto
Bienestar social y ajuste comunitario,Eje IV,1,Escala de Bienestar Social de Keyes; SWBS,swbs_new,SWBS,Escala de Bienestar Social de Keyes,Eje IV,Bienestar social y ajuste comunitario,Autoinforme,abierto
Bienestar y satisfacción vital,Eje III; Eje IV,4,afecto positivo; felicidad; florecimiento; satisfacción vital,mlq_90,MLQ,Cuestionario de Significado de la Vida,Eje III,Sentido de vida y Propósito vital,Autoinforme,abierto
Bienestar y satisfacción vital,Eje III; Eje IV,4,afecto positivo; felicidad; florecimiento; satisfacción vital,swls_110,SWLS,Escala de Satisfacción con la Vida,Eje IV,"Bienestar subjetivo, Bienestar psicológico y Florecimiento",Autoinforme,abierto
Bienestar y satisfacción vital,Eje III; Eje IV,4,afecto positivo; felicidad; florecimiento; satisfacción vital,pwb_111,PWB,Escalas de Bienestar Psicológico,Eje IV,"Bienestar subjetivo, Bienestar psicológico y Florecimiento",Autoinforme,abierto
Bienestar y satisfacción vital,Eje III; Eje IV,4,afecto positivo; felicidad; florecimiento; satisfacción vital,fs_112,FS,Escala de Florecimiento,Eje IV,"Bienestar subjetivo, Bienestar psicológico y Florecimiento",Autoinforme,abierto
Bipolaridad y manía,Eje I,4,Bipolar disorder; Ciclotimia; Manic episode; Manía; Psicosis bipolar; Psicosis maníca,mdq_181,MDQ,Mood Disorder Questionnaire,Eje I,Cribado de espectro bipolar,Autoinforme,academico
Bipolaridad y manía,Eje I,4,Bipolar disorder; Ciclotimia; Manic episode; Manía; Psicosis bipolar; Psicosis maníca,ymrs_182,YMRS,Young Mania Rating Scale,Eje I,Severidad de manía,Heteroaplicado / Entrevista clínica,academico
Bipolaridad y manía,Eje I,4,Bipolar disorder; Ciclotimia; Manic episode; Manía; Psicosis bipolar; Psicosis maníca,evmac_183,EVMAC,Escala para la Valoración de la Manía por Clínicos,Eje I,Severidad de manía (heteroaplicada),Heteroaplicado / Entrevista clínica,academico
Bipolaridad y manía,Eje I,4,Bipolar disorder; Ciclotimia; Manic episode; Manía; Psicosis bipolar; Psicosis maníca,mas_184,MAS,Escala de Manía de Bech-Rafaelsen,Eje I,Severidad de manía,Heteroaplicado / Entrevista clínica,academico
Calidad de descanso e insomnio agudo,Eje VI,1,Escala Groningen de la Calidad del Sueño (GSQS); GSQS,gsqs_new,GSQS,Escala Groningen de la Calidad del Sueño (GSQS),Eje VI,Calidad de descanso e insomnio agudo,Autoinforme,abierto
Calidad de vida,Eje IV,4,Bienestar; Calidad de vida; QoL; Quality of life; Salud física; Salud mental; Vida diaria,sf-36_113,SF-36,Cuestionario de Salud SF-36,Eje IV,Calidad de vida,Autoinforme,abierto
Calidad de vida,Eje IV,4,Bienestar; Calidad de vida; QoL; Quality of life; Salud física; Salud mental; Vida diaria,whoqol-bref_114,WHOQOL-BREF,Cuestionario de Calidad de Vida de la OMS - Versión Breve,Eje IV,Calidad de vida,Autoinforme,abierto
Calidad de vida,Eje IV,4,Bienestar; Calidad de vida; QoL; Quality of life; Salud física; Salud mental; Vida diaria,qls_214,QLS,Quality of Life Scale (Heinrichs),Eje IV,Calidad de vida en esquizofrenia,Heteroaplicado / Entrevista clínica,academico
Calidad de vida,Eje IV,4,Bienestar; Calidad de vida; QoL; Quality of life; Salud física; Salud mental; Vida diaria,cscv_215,CSCV,Cuestionario Sevilla de Calidad de Vida,Eje IV,Calidad de vida,Autoinforme,academico
Calidad de vida relacionada con la salud,Eje IV,1,Cuestionario de Salud EuroQoL-5D; EQ-5D,eq-5d_new,EQ-5D,Cuestionario de Salud EuroQoL-5D,Eje IV,Calidad de vida relacionada con la salud,Autoinforme,comercial
Calidad de vida y satisfacción vital,Eje IV,1,Cuestionario de Calidad de Vida: Satisfacción y Placer de Endicott; Q-LES-Q,q-les-q_new,Q-LES-Q,Cuestionario de Calidad de Vida: Satisfacción y Placer de Endicott,Eje IV,Calidad de vida y satisfacción vital,Autoinforme,abierto
Cognición social,Eje II; Eje V,3,Atención social; Cognición social; Comunicación social; Interacción social; Procesamiento social; Social cognition,rmet_132,RMET,Test de Leer la Mente en los Ojos,Eje V,Cognición Social e Interocepción,Heteroaplicado / Entrevista clínica,abierto
Cognición social,Eje II; Eje V,3,Atención social; Cognición social; Comunicación social; Interacción social; Procesamiento social; Social cognition,maia_133,MAIA,Evaluación Multidimensional de la Conciencia Interoceptiva,Eje II,Cognición Social e Interocepción,Autoinforme,abierto
Cognición social,Eje II; Eje V,3,Atención social; Cognición social; Comunicación social; Interacción social; Procesamiento social; Social cognition,faux_pas_test_134,Faux Pas Test,Test de Meteduras de Pata,Eje V,Cognición Social e Interocepción,Heteroaplicado / Entrevista clínica,abierto
Conducta alimentaria e imagen corporal,Eje I,4,Anorexia; Autoimagen; Bulimia; Conducta alimentaria; Conducta alimentaria patológica; Disortodinia; Eating behavior; Imagen corporal,bsq_new1,BSQ,Body Shape Questionnaire (Cuestionario sobre la Forma Corporal),Eje I,Insatisfacción con la forma y figura corporal,Autoinforme,abierto
Conducta alimentaria e imagen corporal,Eje I,4,Anorexia; Autoimagen; Bulimia; Conducta alimentaria; Conducta alimentaria patológica; Disortodinia; Eating behavior; Imagen corporal,mba_new1,MBA,Measure of Body Apperception (Medida de Percepción del Cuerpo),Eje I,Dependencia de la autoestima respecto a la apariencia/integridad corporal,Autoinforme,abierto
Conducta alimentaria e imagen corporal,Eje I,4,Anorexia; Autoimagen; Bulimia; Conducta alimentaria; Conducta alimentaria patológica; Disortodinia; Eating behavior; Imagen corporal,edi2_201,EDI-2,Inventario de Trastornos de la Conducta Alimentaria-2,Eje I,Conducta alimentaria,Autoinforme,academico
Conducta alimentaria e imagen corporal,Eje I,4,Anorexia; Autoimagen; Bulimia; Conducta alimentaria; Conducta alimentaria patológica; Disortodinia; Eating behavior; Imagen corporal,bite_202,BITE,Bulimic Investigatory Test Edinburgh,Eje I,Síntomas bulímicos,Autoinforme,academico
Consumo de alcohol y adicciones,Eje I,1,CAGE; Cuestionario CAGE para Detección de Alcoholismo,cage_new,CAGE,Cuestionario CAGE para Detección de Alcoholismo,Eje I,Consumo de alcohol y adicciones,Autoinforme,abierto
Cribado cognitivo y demencias,Eje IV; Eje V,5,Alzheimer; Cognitive screening; Cribado cognitivo; Demencia; Deterioro cognitivo; Enfermedad de Alzheimer; Evaluación cognitiva; Prueba cognitiva,mmse_119,MMSE,Mini-Examen del Estado Cognitivo,Eje V,Cribado Cognitivo Global (Estado Mental),Heteroaplicado / Entrevista clínica,comercial
Cribado cognitivo y demencias,Eje IV; Eje V,5,Alzheimer; Cognitive screening; Cribado cognitivo; Demencia; Deterioro cognitivo; Enfermedad de Alzheimer; Evaluación cognitiva; Prueba cognitiva,moca_120,MoCA,Evaluación Cognitiva de Montreal,Eje V,Cribado Cognitivo Global (Estado Mental),Rendimiento neurocognitivo / Tarea de ejecución,academico
Cribado cognitivo y demencias,Eje IV; Eje V,5,Alzheimer; Cognitive screening; Cribado cognitivo; Demencia; Deterioro cognitivo; Enfermedad de Alzheimer; Evaluación cognitiva; Prueba cognitiva,mec_171,MEC,Mini-Examen Cognoscitivo de Lobo,Eje V,Cribado cognitivo global,Heteroaplicado / Entrevista clínica,academico
Cribado cognitivo y demencias,Eje IV; Eje V,5,Alzheimer; Cognitive screening; Cribado cognitivo; Demencia; Deterioro cognitivo; Enfermedad de Alzheimer; Evaluación cognitiva; Prueba cognitiva,adascog_172,ADAS-Cog,Alzheimer's Disease Assessment Scale - Cognitiva,Eje V,Deterioro cognitivo en demencia,Rendimiento neurocognitivo / Tarea de ejecución,academico
Cribado cognitivo y demencias,Eje IV; Eje V,5,Alzheimer; Cognitive screening; Cribado cognitivo; Demencia; Deterioro cognitivo; Enfermedad de Alzheimer; Evaluación cognitiva; Prueba cognitiva,adrql_217,ADRQL,Alzheimer's Disease Related Quality of Life,Eje IV,Calidad de vida en demencia,Observacional / Registro conductual,academico
Cribado multitrastorno de ansiedad,Eje I,1,ASQ-15; Cuestionario de Screening de Ansiedad de Wittchen (ASQ-15),asq-15_new,ASQ-15,Cuestionario de Screening de Ansiedad de Wittchen (ASQ-15),Eje I,Cribado multitrastorno de ansiedad,Autoinforme,abierto
Crisis de angustia y pánico,Eje I,1,Diario-Panico; Trastorno de Pánico: Diario del Paciente (Autorregistro TCC),diario-panico_new,Diario-Panico,Trastorno de Pánico: Diario del Paciente (Autorregistro TCC),Eje I,Crisis de angustia y pánico,Observacional / Registro conductual,abierto
Depresión y estado de ánimo,Eje I; Eje II; Eje IV,13,Escala de Autoevaluación de la Depresión de Zung y Conde (SDS); SDS; TAG; afecto negativo; agorafobia; anhedonia; crisis de angustia; depresión mayor; distimia; estrés; estrés crónico; estrés percibido; fobia social; pánico; sobrecarga; tensión; ánimo bajo,dass-21_5,DASS-21,"Escalas de Depresión, Ansiedad y Estrés - 21",Eje I,"Depresión, ansiedad y estrés",Autoinforme,abierto
Depresión y estado de ánimo,Eje I; Eje II; Eje IV,13,Escala de Autoevaluación de la Depresión de Zung y Conde (SDS); SDS; TAG; afecto negativo; agorafobia; anhedonia; crisis de angustia; depresión mayor; distimia; estrés; estrés crónico; estrés percibido; fobia social; pánico; sobrecarga; tensión; ánimo bajo,bdi-ii_13,BDI-II,Inventario de Depresión de Beck - II,Eje I,Depresión y anhedonia,Autoinforme,comercial
Depresión y estado de ánimo,Eje I; Eje II; Eje IV,13,Escala de Autoevaluación de la Depresión de Zung y Conde (SDS); SDS; TAG; afecto negativo; agorafobia; anhedonia; crisis de angustia; depresión mayor; distimia; estrés; estrés crónico; estrés percibido; fobia social; pánico; sobrecarga; tensión; ánimo bajo,phq-9_14,PHQ-9,Cuestionario de Salud del Paciente - 9,Eje I,Depresión y anhedonia,Autoinforme,abierto
Depresión y estado de ánimo,Eje I; Eje II; Eje IV,13,Escala de Autoevaluación de la Depresión de Zung y Conde (SDS); SDS; TAG; afecto negativo; agorafobia; anhedonia; crisis de angustia; depresión mayor; distimia; estrés; estrés crónico; estrés percibido; fobia social; pánico; sobrecarga; tensión; ánimo bajo,ces-d_15,CES-D,Escala del Centro de Estudios Epidemiológicos de la Depresión,Eje I,Depresión y anhedonia,Autoinforme,abierto
Depresión y estado de ánimo,Eje I; Eje II; Eje IV,13,Escala de Autoevaluación de la Depresión de Zung y Conde (SDS); SDS; TAG; afecto negativo; agorafobia; anhedonia; crisis de angustia; depresión mayor; distimia; estrés; estrés crónico; estrés percibido; fobia social; pánico; sobrecarga; tensión; ánimo bajo,shaps_16,SHAPS,Escala de Placer de Snaith-Hamilton,Eje I,Depresión y anhedonia,Autoinforme,abierto
Depresión y estado de ánimo,Eje I; Eje II; Eje IV,13,Escala de Autoevaluación de la Depresión de Zung y Conde (SDS); SDS; TAG; afecto negativo; agorafobia; anhedonia; crisis de angustia; depresión mayor; distimia; estrés; estrés crónico; estrés percibido; fobia social; pánico; sobrecarga; tensión; ánimo bajo,hdrs_17,HDRS / HAM-D,Escala de Calificación de la Depresión de Hamilton,Eje I,Depresión y anhedonia,Heteroaplicado / Entrevista clínica,abierto
Depresión y estado de ánimo,Eje I; Eje II; Eje IV,13,Escala de Autoevaluación de la Depresión de Zung y Conde (SDS); SDS; TAG; afecto negativo; agorafobia; anhedonia; crisis de angustia; depresión mayor; distimia; estrés; estrés crónico; estrés percibido; fobia social; pánico; sobrecarga; tensión; ánimo bajo,bads_64,BADS,Escala de Activación Conductual para la Depresión,Eje II,Activación y Evitación conductual,Autoinforme,abierto
Depresión y estado de ánimo,Eje I; Eje II; Eje IV,13,Escala de Autoevaluación de la Depresión de Zung y Conde (SDS); SDS; TAG; afecto negativo; agorafobia; anhedonia; crisis de angustia; depresión mayor; distimia; estrés; estrés crónico; estrés percibido; fobia social; pánico; sobrecarga; tensión; ánimo bajo,eros_65,EROS,Escala de Observación de Recompensas Ambientales,Eje II,Activación y Evitación conductual,Autoinforme,abierto
Depresión y estado de ánimo,Eje I; Eje II; Eje IV,13,Escala de Autoevaluación de la Depresión de Zung y Conde (SDS); SDS; TAG; afecto negativo; agorafobia; anhedonia; crisis de angustia; depresión mayor; distimia; estrés; estrés crónico; estrés percibido; fobia social; pánico; sobrecarga; tensión; ánimo bajo,madrs_178,MADRS,Montgomery-Asberg Depression Rating Scale,Eje I,Severidad depresiva (heteroaplicada),Heteroaplicado / Entrevista clínica,academico
Depresión y estado de ánimo,Eje I; Eje II; Eje IV,13,Escala de Autoevaluación de la Depresión de Zung y Conde (SDS); SDS; TAG; afecto negativo; agorafobia; anhedonia; crisis de angustia; depresión mayor; distimia; estrés; estrés crónico; estrés percibido; fobia social; pánico; sobrecarga; tensión; ánimo bajo,gds_179,GDS,"Geriatric Depression Scale (Yesavage, 30 items)",Eje I,Depresión en adultos mayores,Autoinforme,academico
Depresión y estado de ánimo,Eje I; Eje II; Eje IV,13,Escala de Autoevaluación de la Depresión de Zung y Conde (SDS); SDS; TAG; afecto negativo; agorafobia; anhedonia; crisis de angustia; depresión mayor; distimia; estrés; estrés crónico; estrés percibido; fobia social; pánico; sobrecarga; tensión; ánimo bajo,cds_180,CDS,Calgary Depression Scale for Schizophrenia,Eje I,Depresión en esquizofrenia,Autoinforme,academico
Depresión y estado de ánimo,Eje I; Eje II; Eje IV,13,Escala de Autoevaluación de la Depresión de Zung y Conde (SDS); SDS; TAG; afecto negativo; agorafobia; anhedonia; crisis de angustia; depresión mayor; distimia; estrés; estrés crónico; estrés percibido; fobia social; pánico; sobrecarga; tensión; ánimo bajo,qlds_216,QLDS,Quality of Life Depression Scale,Eje IV,Calidad de vida en depresión,Autoinforme,academico
Depresión y estado de ánimo,Eje I; Eje II; Eje IV,13,Escala de Autoevaluación de la Depresión de Zung y Conde (SDS); SDS; TAG; afecto negativo; agorafobia; anhedonia; crisis de angustia; depresión mayor; distimia; estrés; estrés crónico; estrés percibido; fobia social; pánico; sobrecarga; tensión; ánimo bajo,sds_new,SDS,Escala de Autoevaluación de la Depresión de Zung y Conde (SDS),Eje I,Depresión y estado de ánimo,Autoinforme,abierto
Desempeño laboral y burnout,Eje IV,2,agotamiento laboral; engagement; estrés laboral,mbi_105,MBI,Inventario de Burnout de Maslach,Eje IV,"Desempeño laboral, Burnout, Engagement y Adaptación ocupacional",Autoinforme,comercial
Desempeño laboral y burnout,Eje IV,2,agotamiento laboral; engagement; estrés laboral,uwes_106,UWES,Escala de Engagement en el Trabajo de Utrecht,Eje IV,"Desempeño laboral, Burnout, Engagement y Adaptación ocupacional",Autoinforme,abierto
Desesperanza y riesgo suicida,Eje I,1,BHS; Escala de Desesperanza de Beck (BHS),bhs_new,BHS,Escala de Desesperanza de Beck (BHS),Eje I,Desesperanza y riesgo suicida,Autoinforme,comercial
Diagnóstico diferencial de demencias,Eje V,1,Escala de Isquemia de Hachinski (HIS); HIS,his_new,HIS,Escala de Isquemia de Hachinski (HIS),Eje V,Diagnóstico diferencial de demencias,Heteroaplicado / Entrevista clínica,abierto
Dolor y síntomas somáticos,Eje I; Eje VI,7,dolor crónico; fatiga crónica; fibromialgia; somatización,phq-15_22,PHQ-15,Cuestionario de Salud del Paciente - 15,Eje I,Somatización y ansiedad por la salud,Autoinforme,abierto
Dolor y síntomas somáticos,Eje I; Eje VI,7,dolor crónico; fatiga crónica; fibromialgia; somatización,wi-7_23,WI,Índice de Whiteley,Eje I,Somatización y ansiedad por la salud,Autoinforme,abierto
Dolor y síntomas somáticos,Eje I; Eje VI,7,dolor crónico; fatiga crónica; fibromialgia; somatización,shai_24,SHAI,Inventario Corto de Ansiedad por la Salud,Eje I,Somatización y ansiedad por la salud,Autoinforme,abierto
Dolor y síntomas somáticos,Eje I; Eje VI,7,dolor crónico; fatiga crónica; fibromialgia; somatización,scl-90-r_25,SCL-90-R,Inventario de Síntomas SCL-90-R (Subescala Somatización),Eje I,Somatización y ansiedad por la salud,Autoinforme,comercial
Dolor y síntomas somáticos,Eje I; Eje VI,7,dolor crónico; fatiga crónica; fibromialgia; somatización,bpi_138,BPI,Inventario Breve de Dolor,Eje VI,"Dolor, fatiga y síntomas somáticos",Autoinforme,comercial
Dolor y síntomas somáticos,Eje I; Eje VI,7,dolor crónico; fatiga crónica; fibromialgia; somatización,pcs_139,PCS,Escala de Catastrofización del Dolor,Eje VI,"Dolor, fatiga y síntomas somáticos",Autoinforme,abierto
Dolor y síntomas somáticos,Eje I; Eje VI,7,dolor crónico; fatiga crónica; fibromialgia; somatización,fss_140,FSS,Escala de Gravedad de la Fatiga,Eje VI,"Dolor, fatiga y síntomas somáticos",Autoinforme,abierto
Efectos de psicofármacos,Eje VI,2,efectos secundarios; extrapiramidalismo; sedación; temblor,sas_209,SAS,Simpson-Angus Scale,Eje VI,Parkinsonismo/extrapiramidalismo inducido,Heteroaplicado / Entrevista clínica,academico
Efectos de psicofármacos,Eje VI,2,efectos secundarios; extrapiramidalismo; sedación; temblor,uku_210,UKU,UKU Side Effect Rating Scale,Eje VI,Efectos secundarios de psicofármacos,Heteroaplicado / Entrevista clínica,academico
Efectos extrapiramidales y farmacovigilancia,Eje VI,1,BARS; Escala de Acatisia de Barnes (BARS),bars_new,BARS,Escala de Acatisia de Barnes (BARS),Eje VI,Efectos extrapiramidales y farmacovigilancia,Heteroaplicado / Entrevista clínica,abierto
Esquemas y procesos cognitivos,Eje II,3,creencias centrales; distorsiones cognitivas; preocupación; rumiación,rrs_51,RRS,Escala de Respuestas Rumiativas,Eje II,Rumiación,Autoinforme,abierto
Esquemas y procesos cognitivos,Eje II,3,creencias centrales; distorsiones cognitivas; preocupación; rumiación,mcq-30_57,MCQ-30,Cuestionario de Metacogniciones,Eje II,Metacogniciones disfuncionales,Autoinforme,abierto
Esquemas y procesos cognitivos,Eje II,3,creencias centrales; distorsiones cognitivas; preocupación; rumiación,ysq-s3_58,YSQ-S3,Cuestionario de Esquemas de Young,Eje II,Esquemas maladaptativos,Autoinforme,abierto
Estilos cognitivos y autogobierno mental,Eje II,1,Inventario de Estilos de Pensamiento de Sternberg (TSI); TSI,tsi_new,TSI,Inventario de Estilos de Pensamiento de Sternberg (TSI),Eje II,Estilos cognitivos y autogobierno mental,Autoinforme,abierto
Estilos de pensamiento y metacognición,Eje II,1,EMPC; Escala Motivacional de Pensamiento Crítico (EMPC),empc_new,EMPC,Escala Motivacional de Pensamiento Crítico (EMPC),Eje II,Estilos de pensamiento y metacognición,Autoinforme,abierto
Estrés y estrés percibido,Eje I,3,TEPT; adaptación; coping; disociación; estrés; estrés agudo; estrés crónico; estrés percibido; resiliencia; sobrecarga; tensión; tolerancia a la frustración; trauma complejo,pss_6,PSS,Escala de Estrés Percibido,Eje I,Estrés psicológico,Autoinforme,abierto
Estrés y estrés percibido,Eje I,3,TEPT; adaptación; coping; disociación; estrés; estrés agudo; estrés crónico; estrés percibido; resiliencia; sobrecarga; tensión; tolerancia a la frustración; trauma complejo,tics_8,TICS,Inventario de Estrés Crónico de Trier,Eje I,Estrés psicológico,Autoinforme,comercial
Estrés y estrés percibido,Eje I,3,TEPT; adaptación; coping; disociación; estrés; estrés agudo; estrés crónico; estrés percibido; resiliencia; sobrecarga; tensión; tolerancia a la frustración; trauma complejo,pss14_155,PSS-14,Escala de Estres Percibido (version de 14 items),Eje I,"Estres psicologico percibido (incontrolabilidad, autoeficacia/afrontamiento)",Autoinforme,academico
Evaluación diagnóstica multiaxial DSM-IV/CIE-10,Eje I,1,Entrevista Neuropsiquiátrica Internacional (MINI 5.0.0); MINI,mini_new,MINI,Entrevista Neuropsiquiátrica Internacional (MINI 5.0.0),Eje I,Evaluación diagnóstica multiaxial DSM-IV/CIE-10,Heteroaplicado / Entrevista clínica,comercial
Farmacovigilancia y discinesia tardía,Eje VI,1,AIMS; Escala de Movimientos Involuntarios Anormales de Guy (AIMS),aims_new,AIMS,Escala de Movimientos Involuntarios Anormales de Guy (AIMS),Eje VI,Farmacovigilancia y discinesia tardía,Heteroaplicado / Entrevista clínica,abierto
Flexibilidad psicológica y mindfulness,Eje II,7,adaptabilidad; atención plena; flexibilidad cognitiva; mindfulness; percepción positiva; resiliencia,aaq-ii_54,AAQ-II,Cuestionario de Aceptación y Acción II,Eje II,Rigidez y Flexibilidad cognitiva,Autoinforme,abierto
Flexibilidad psicológica y mindfulness,Eje II,7,adaptabilidad; atención plena; flexibilidad cognitiva; mindfulness; percepción positiva; resiliencia,cfi_55,CFI,Inventario de Flexibilidad Cognitiva,Eje II,Rigidez y Flexibilidad cognitiva,Autoinforme,abierto
Flexibilidad psicológica y mindfulness,Eje II,7,adaptabilidad; atención plena; flexibilidad cognitiva; mindfulness; percepción positiva; resiliencia,cfq_56,CFQ,Cuestionario de Fusión Cognitiva,Eje II,Fusión cognitiva,Autoinforme,abierto
Flexibilidad psicológica y mindfulness,Eje II,7,adaptabilidad; atención plena; flexibilidad cognitiva; mindfulness; percepción positiva; resiliencia,meaq_63,MEAQ,Cuestionario Multidimensional de Evitación Experiencial,Eje II,Evitación experiencial,Autoinforme,abierto
Flexibilidad psicológica y mindfulness,Eje II,7,adaptabilidad; atención plena; flexibilidad cognitiva; mindfulness; percepción positiva; resiliencia,beaq_164,BEAQ,Brief Experiential Avoidance Questionnaire,Eje II,Evitacion experiencial,Autoinforme,academico
Flexibilidad psicológica y mindfulness,Eje II,7,adaptabilidad; atención plena; flexibilidad cognitiva; mindfulness; percepción positiva; resiliencia,psyflex_166,Psy-Flex,Cuestionario Psy-Flex (flexibilidad psicologica),Eje II,"Flexibilidad psicologica (presencia, apertura, defusion, yo estable, valores, compromiso)",Autoinforme,academico
Flexibilidad psicológica y mindfulness,Eje II,7,adaptabilidad; atención plena; flexibilidad cognitiva; mindfulness; percepción positiva; resiliencia,ffmq-sf_168,FFMQ-SF,Cuestionario de Cinco Facetas de Mindfulness - Forma Corta,Eje II,"Mindfulness y regulacion emocional (5 facetas: observar, describir, actuar con consciencia, no juzgar, no reactividad)",Autoinforme,abierto
Fobia social y ansiedad de desempeño,Eje I,1,Escala de Ansiedad Social de Liebowitz (LSAS); LSAS,lsas_new,LSAS,Escala de Ansiedad Social de Liebowitz (LSAS),Eje I,Fobia social y ansiedad de desempeño,Heteroaplicado / Entrevista clínica,abierto
Funcionamiento global y severidad transdiagnóstica,Eje IV,1,CGI; Escala de Impresión Clínica Global de Guy (CGI),cgi_new,CGI,Escala de Impresión Clínica Global de Guy (CGI),Eje IV,Funcionamiento global y severidad transdiagnóstica,Heteroaplicado / Entrevista clínica,abierto
Funcionamiento y discapacidad,Eje IV,5,adaptabilidad; autonomía; discapacidad física; discapacidad intelectual; discapacidad psíquica; funcionalidad,whodas_2.0_100,WHODAS 2.0,Cuestionario para la Evaluación de Discapacidad de la OMS 2.0,Eje IV,"Funcionamiento general, Discapacidad y Actividades de la vida diaria",Autoinforme,abierto
Funcionamiento y discapacidad,Eje IV,5,adaptabilidad; autonomía; discapacidad física; discapacidad intelectual; discapacidad psíquica; funcionalidad,indice_de_barth_101,BARTHEL,Índice de Barthel,Eje IV,"Funcionamiento general, Discapacidad y Actividades de la vida diaria",Observacional / Registro conductual,abierto
Funcionamiento y discapacidad,Eje IV,5,adaptabilidad; autonomía; discapacidad física; discapacidad intelectual; discapacidad psíquica; funcionalidad,escala_de_lawton_102,Escala de Lawton,Escala de Lawton y Brody,Eje IV,"Funcionamiento general, Discapacidad y Actividades de la vida diaria",Observacional / Registro conductual,abierto
Funcionamiento y discapacidad,Eje IV,5,adaptabilidad; autonomía; discapacidad física; discapacidad intelectual; discapacidad psíquica; funcionalidad,eeaggaf_211,EEAG-GAF,Escala de Evaluación de la Actividad Global,Eje IV,Funcionamiento global (eje V del DSM-IV),Autoinforme,academico
Funcionamiento y discapacidad,Eje IV,5,adaptabilidad; autonomía; discapacidad física; discapacidad intelectual; discapacidad psíquica; funcionalidad,sdi_212,SDI,Sheehan Disability Inventory,Eje IV,Discapacidad funcional,Heteroaplicado / Entrevista clínica,academico
Funciones ejecutivas,Eje V,7,control de la atención; flexibilidad cognitiva; inhibición; memoria de trabajo; organización; planificación; resolución de problemas,wcst_125,WCST,Test de Clasificación de Tarjetas de Wisconsin,Eje V,Funciones Ejecutivas,Rendimiento neurocognitivo / Tarea de ejecución,comercial
Funciones ejecutivas,Eje V,7,control de la atención; flexibilidad cognitiva; inhibición; memoria de trabajo; organización; planificación; resolución de problemas,stroop_test_126,Stroop Test,Test de Colores y Palabras,Eje V,Funciones Ejecutivas,Rendimiento neurocognitivo / Tarea de ejecución,abierto
Funciones ejecutivas,Eje V,7,control de la atención; flexibilidad cognitiva; inhibición; memoria de trabajo; organización; planificación; resolución de problemas,igt_127,IGT,Iowa Gambling Task,Eje V,Funciones Ejecutivas,Rendimiento neurocognitivo / Tarea de ejecución,abierto
Funciones ejecutivas,Eje V,7,control de la atención; flexibilidad cognitiva; inhibición; memoria de trabajo; organización; planificación; resolución de problemas,brief-2_128,BRIEF-2,Evaluación Conductual de la Función Ejecutiva,Eje V,Funciones Ejecutivas,Rendimiento neurocognitivo / Tarea de ejecución,comercial
Funciones ejecutivas,Eje V,7,control de la atención; flexibilidad cognitiva; inhibición; memoria de trabajo; organización; planificación; resolución de problemas,ifs_129,IFS,INECO Frontal Screening,Eje V,Funciones Ejecutivas,Rendimiento neurocognitivo / Tarea de ejecución,abierto
Funciones ejecutivas,Eje V,7,control de la atención; flexibilidad cognitiva; inhibición; memoria de trabajo; organización; planificación; resolución de problemas,dex-sp_new1,DEX-Sp,Cuestionario Disejecutivo (versión española),Eje V,Síntomas disejecutivos conductuales,Rendimiento neurocognitivo / Tarea de ejecución,abierto
Funciones ejecutivas,Eje V,7,control de la atención; flexibilidad cognitiva; inhibición; memoria de trabajo; organización; planificación; resolución de problemas,efeco_new1,EFECO,Escala EFECO para Valorar Funciones Ejecutivas,Eje V,Funciones ejecutivas cotidianas (autoinforme),Rendimiento neurocognitivo / Tarea de ejecución,abierto
Identidad y valores,Eje II; Eje III,8,autoconcepto; autoestima; identidad de género; identidad personal; identidad social; valores morales; valores éticos,sccs_87,SCCS,Escala de Claridad del Autoconcepto,Eje III,Claridad del self,Autoinforme,abierto
Identidad y valores,Eje II; Eje III,8,autoconcepto; autoestima; identidad de género; identidad personal; identidad social; valores morales; valores éticos,eom-eis-2_88,EOM-EIS-2,Medida Objetiva Extendida del Estatus de Identidad del Ego,Eje III,Identidad personal,Autoinforme,abierto
Identidad y valores,Eje II; Eje III,8,autoconcepto; autoestima; identidad de género; identidad personal; identidad social; valores morales; valores éticos,pvq_89,PVQ,Cuestionario de Valores de Retrato,Eje III,Valores personales,Autoinforme,abierto
Identidad y valores,Eje II; Eje III,8,autoconcepto; autoestima; identidad de género; identidad personal; identidad social; valores morales; valores éticos,imi_91,IMI,Inventario de Motivación Intrínseca,Eje III,Motivación y Orientación a metas,Autoinforme,abierto
Identidad y valores,Eje II; Eje III,8,autoconcepto; autoestima; identidad de género; identidad personal; identidad social; valores morales; valores éticos,agq-r_92,AGQ-R,Cuestionario de Metas de Logro Revisado,Eje III,Motivación y Orientación a metas,Autoinforme,abierto
Identidad y valores,Eje II; Eje III,8,autoconcepto; autoestima; identidad de género; identidad personal; identidad social; valores morales; valores éticos,meim_95,MEIM,Multigroup Ethnic Identity Measure (Medida Multigrupo de Identidad Étnica),Eje III,Identidad étnica (Exploración y Compromiso/Pertenencia),Autoinforme,abierto
Identidad y valores,Eje II; Eje III,8,autoconcepto; autoestima; identidad de género; identidad personal; identidad social; valores morales; valores éticos,via_96,VIA,Índice de Aculturación de Vancouver,Eje III,Identidad cultural y Aculturación,Autoinforme,abierto
Identidad y valores,Eje II; Eje III,8,autoconcepto; autoestima; identidad de género; identidad personal; identidad social; valores morales; valores éticos,vq_165,VQ,Valuing Questionnaire,Eje II,Vida valiosa (Progreso vs Obstruccion) segun valores personales,Autoinforme,academico
Impulsividad y conducta disruptiva,Eje I; Eje II,9,TDAH; conducta agresiva; conducta antisocial; conducta disruptiva; conducta inadecuada; impulsividad; trastorno de déficit de atención e hiperactividad,bis-11_26,BIS-11,Escala de Impulsividad de Barratt,Eje I,Impulsividad,Autoinforme,abierto
Impulsividad y conducta disruptiva,Eje I; Eje II,9,TDAH; conducta agresiva; conducta antisocial; conducta disruptiva; conducta inadecuada; impulsividad; trastorno de déficit de atención e hiperactividad,upps-p_27,UPPS-P,Escala de Comportamiento Impulsivo UPPS-P,Eje I,Impulsividad,Autoinforme,abierto
Impulsividad y conducta disruptiva,Eje I; Eje II,9,TDAH; conducta agresiva; conducta antisocial; conducta disruptiva; conducta inadecuada; impulsividad; trastorno de déficit de atención e hiperactividad,dii_28,DII,Inventario de Impulsividad de Dickman,Eje I,Impulsividad,Autoinforme,abierto
Impulsividad y conducta disruptiva,Eje I; Eje II,9,TDAH; conducta agresiva; conducta antisocial; conducta disruptiva; conducta inadecuada; impulsividad; trastorno de déficit de atención e hiperactividad,cbcl_35,CBCL,Inventario de Comportamiento Infantil (Subescalas Externalizantes),Eje I,Conducta disruptiva,Autoinforme,comercial
Impulsividad y conducta disruptiva,Eje I; Eje II,9,TDAH; conducta agresiva; conducta antisocial; conducta disruptiva; conducta inadecuada; impulsividad; trastorno de déficit de atención e hiperactividad,sdq_36,SDQ,Cuestionario de Capacidades y Dificultades,Eje I,Conducta disruptiva,Autoinforme,abierto
Impulsividad y conducta disruptiva,Eje I; Eje II,9,TDAH; conducta agresiva; conducta antisocial; conducta disruptiva; conducta inadecuada; impulsividad; trastorno de déficit de atención e hiperactividad,dbd_37,DBD,Escala de Trastornos de Comportamiento Perturbador,Eje I,Conducta disruptiva,Autoinforme,abierto
Impulsividad y conducta disruptiva,Eje I; Eje II,9,TDAH; conducta agresiva; conducta antisocial; conducta disruptiva; conducta inadecuada; impulsividad; trastorno de déficit de atención e hiperactividad,bis_68,BIS/BAS,Escalas del Sistema de Inhibición y Aproximación Conductual,Eje II,Búsqueda de recompensa,Autoinforme,abierto
Impulsividad y conducta disruptiva,Eje I; Eje II,9,TDAH; conducta agresiva; conducta antisocial; conducta disruptiva; conducta inadecuada; impulsividad; trastorno de déficit de atención e hiperactividad,cubi18_150,CUBI-18,"Cuestionario de Urgencia, Busqueda de Sensaciones e Impulsividad-18",Eje I,"Impulsividad (urgencia compulsiva, busqueda de sensaciones, imprevision)",Autoinforme,academico
Impulsividad y conducta disruptiva,Eje I; Eje II,9,TDAH; conducta agresiva; conducta antisocial; conducta disruptiva; conducta inadecuada; impulsividad; trastorno de déficit de atención e hiperactividad,eiplutchik_187,EI-Plutchik,Escala de Impulsividad de Plutchik,Eje I,Impulsividad,Autoinforme,academico
Inteligencia emocional autopercibida,Eje II,1,Escala de Inteligencia Emocional de Schutte (SSEIT); SSEIT,sseit_new,SSEIT,Escala de Inteligencia Emocional de Schutte (SSEIT),Eje II,Inteligencia emocional autopercibida,Autoinforme,abierto
Lenguaje y comunicación verbal,Eje V,2,afasia; denominación; expresión verbal; fluidez verbal,bnt_130,BNT,Test de Denominación de Boston,Eje V,"Comprensión, Expresión y Fluidez Verbal",Rendimiento neurocognitivo / Tarea de ejecución,comercial
Lenguaje y comunicación verbal,Eje V,2,afasia; denominación; expresión verbal; fluidez verbal,tfv_131,TFV,Test de Fluidez Verbal (FAS y Animales),Eje V,"Comprensión, Expresión y Fluidez Verbal",Rendimiento neurocognitivo / Tarea de ejecución,abierto
Marcador somático de hiperlaxitud y pánico,Eje VI,1,Criterios de Laxitud Articular del Hospital del Mar (Bulbena); Laxitud-HdM,laxitud-hdm_new,Laxitud-HdM,Criterios de Laxitud Articular del Hospital del Mar (Bulbena),Eje VI,Marcador somático de hiperlaxitud y pánico,Autoinforme,abierto
Memoria y aprendizaje,Eje V,4,memoria de trabajo; memoria episódica; metamemoria; olvidos,tavec_123,TAVEC,Test de Aprendizaje Verbal de España-Complutense,Eje V,"Memoria (Trabajo, Episódica, Semántica, Visual, Aprendizaje)",Rendimiento neurocognitivo / Tarea de ejecución,comercial
Memoria y aprendizaje,Eje V,4,memoria de trabajo; memoria episódica; metamemoria; olvidos,figura_de_rey_124,Figura de Rey,Test de Copia de una Figura Compleja,Eje V,"Memoria (Trabajo, Episódica, Semántica, Visual, Aprendizaje)",Rendimiento neurocognitivo / Tarea de ejecución,abierto
Memoria y aprendizaje,Eje V,4,memoria de trabajo; memoria episódica; metamemoria; olvidos,mfe_new1,MFE,Cuestionario de Fallos de Memoria de la Vida Cotidiana,Eje V,Fallos de memoria cotidiana (metamemoria),Rendimiento neurocognitivo / Tarea de ejecución,abierto
Memoria y aprendizaje,Eje V,4,memoria de trabajo; memoria episódica; metamemoria; olvidos,cfq_new1,CFQ-Fallos,Cognitive Failures Questionnaire (Cuestionario de Fallos Cognitivos),Eje V,Fallos cognitivos cotidianos,Autoinforme,abierto
Obsesiones y compulsiones,Eje I,5,TOC; comprobación; contaminación; dudas obsesivas; rituales,y-bocs_18,Y-BOCS,Escala de Obsesiones y Compulsiones de Yale-Brown,Eje I,Obsesiones y compulsiones,Heteroaplicado / Entrevista clínica,abierto
Obsesiones y compulsiones,Eje I,5,TOC; comprobación; contaminación; dudas obsesivas; rituales,oci-r_19,OCI-R,Inventario Obsesivo-Compulsivo Revisado,Eje I,Obsesiones y compulsiones,Autoinforme,abierto
Obsesiones y compulsiones,Eje I,5,TOC; comprobación; contaminación; dudas obsesivas; rituales,pi-wsur_20,PI-WSUR,Inventario de Padua Revisado - WSU,Eje I,Obsesiones y compulsiones,Autoinforme,comercial
Obsesiones y compulsiones,Eje I,5,TOC; comprobación; contaminación; dudas obsesivas; rituales,docs_21,DOCS,Escala Dimensional Obsesivo-Compulsiva,Eje I,Obsesiones y compulsiones,Autoinforme,abierto
Obsesiones y compulsiones,Eje I,5,TOC; comprobación; contaminación; dudas obsesivas; rituales,ip_148,IP,Inventario de Padua (Padua Inventory),Eje I,"Sintomatologia obsesivo-compulsiva (perdida de control mental, contaminacion, comprobacion, impulsos)",Autoinforme,academico
Personalidad patológica,Eje I; Eje III,6,TLP; desapego; narcisismo; psicopatía; tríada oscura,pid-5_80,PID-5,Inventario de Personalidad para el DSM-5,Eje III,"Rasgos Patológicos de Personalidad (Afectividad Negativa, Desapego, Antagonismo, Desinhibición, Psicoticismo)",Autoinforme,abierto
Personalidad patológica,Eje I; Eje III,6,TLP; desapego; narcisismo; psicopatía; tríada oscura,sd3_81,SD3,La Tríada Oscura Corta,Eje III,Personalidad Oscura y Luminosa (Tríadas y Tétradas),Autoinforme,abierto
Personalidad patológica,Eje I; Eje III,6,TLP; desapego; narcisismo; psicopatía; tríada oscura,sd4_82,SD4,La Tétrada Oscura Corta,Eje III,Personalidad Oscura y Luminosa (Tríadas y Tétradas),Autoinforme,abierto
Personalidad patológica,Eje I; Eje III,6,TLP; desapego; narcisismo; psicopatía; tríada oscura,lts_83,LTS,Escala de la Tríada Luminosa,Eje III,Personalidad Oscura y Luminosa (Tríadas y Tétradas),Autoinforme,abierto
Personalidad patológica,Eje I; Eje III,6,TLP; desapego; narcisismo; psicopatía; tríada oscura,bsl23_149,BSL-23,Borderline Symptom List-23,Eje I,"Sintomatologia limite (TLP): afecto negativo, autoimagen, autodestruccion, impulsividad, disociacion",Autoinforme,academico
Personalidad patológica,Eje I; Eje III,6,TLP; desapego; narcisismo; psicopatía; tríada oscura,npi-n_218,NPI-N,Narcissistic Personality Inventory,Eje III,Rasgos de personalidad narcisista,Autoinforme,academico
Psicosis y curso pronóstico,Eje I,1,Escala Pronóstica para la Esquizofrenia de Strauss y Carpenter; SCPS,scps_new,SCPS,Escala Pronóstica para la Esquizofrenia de Strauss y Carpenter,Eje I,Psicosis y curso pronóstico,Heteroaplicado / Entrevista clínica,abierto
Psicosis y experiencias delirantes,Eje I,8,alucinación; delirio; esquizofrenia; síntomas positivos,pdi-21_43,PDI-21,Inventario de Delirios de Peters,Eje I,Ideación delirante,Autoinforme,abierto
Psicosis y experiencias delirantes,Eje I,8,alucinación; delirio; esquizofrenia; síntomas positivos,cape-42_44,CAPE-42,Evaluación Comunitaria de Experiencias Psíquicas,Eje I,Experiencias perceptivas inusuales,Autoinforme,abierto
Psicosis y experiencias delirantes,Eje I,8,alucinación; delirio; esquizofrenia; síntomas positivos,panss_45,PANSS,Escala de los Síndromes Positivo y Negativo,Eje I,Desorganización cognitiva y conductual,Heteroaplicado / Entrevista clínica,comercial
Psicosis y experiencias delirantes,Eje I,8,alucinación; delirio; esquizofrenia; síntomas positivos,bprs_173,BPRS,Brief Psychiatric Rating Scale,Eje I,Psicopatología general (heteroaplicada),Heteroaplicado / Entrevista clínica,academico
Psicosis y experiencias delirantes,Eje I,8,alucinación; delirio; esquizofrenia; síntomas positivos,sips_174,SIPS,Entrevista Estructurada para Síndromes Prodrómicos,Eje I,Riesgo de psicosis,Heteroaplicado / Entrevista clínica,academico
Psicosis y experiencias delirantes,Eje I,8,alucinación; delirio; esquizofrenia; síntomas positivos,sops_175,SOPS,Scale of Prodromal Syndromes,Eje I,Síntomas prodrómicos de psicosis,Heteroaplicado / Entrevista clínica,academico
Psicosis y experiencias delirantes,Eje I,8,alucinación; delirio; esquizofrenia; síntomas positivos,sumd_176,SUMD,Scale to Assess Unawareness of Mental Disorder,Eje I,Insight/conciencia de enfermedad,Heteroaplicado / Entrevista clínica,academico
Psicosis y experiencias delirantes,Eje I,8,alucinación; delirio; esquizofrenia; síntomas positivos,dai_193,DAI,¡OJO! Archivo etiquetado DAI contiene la PANSS completa,Eje I,Psicopatología general (positiva/negativa),Autoinforme,academico
Pánico y agorafobia,Eje I,1,Escala de Pánico y Agorafobia de Bandelow (PAS); PAS,pas_new,PAS,Escala de Pánico y Agorafobia de Bandelow (PAS),Eje I,Pánico y agorafobia,Heteroaplicado / Entrevista clínica,abierto
Quejas cognitivas subjetivas cotidianas,Eje V,1,CFSS; Escala de Autoevaluación del Funcionamiento Cognitivo (CFSS),cfss_new,CFSS,Escala de Autoevaluación del Funcionamiento Cognitivo (CFSS),Eje V,Quejas cognitivas subjetivas cotidianas,Rendimiento neurocognitivo / Tarea de ejecución,abierto
Rasgo disposicional de personalidad,Eje III,1,Escala de Búsqueda de Sensaciones de Zuckerman (Forma V); SSS-V,sss-v_new,SSS-V,Escala de Búsqueda de Sensaciones de Zuckerman (Forma V),Eje III,Rasgo disposicional de personalidad,Autoinforme,abierto
Rasgos de personalidad,Eje II; Eje III,5,personalidad; personalidad antisocial; personalidad borderline; rasgos de personalidad; trastorno de personalidad,neo-pi-r_76,NEO-PI-R,Inventario de Personalidad NEO Revisado,Eje III,"Rasgos de Personalidad (Neuroticismo, Extraversión, Apertura, Amabilidad, Responsabilidad)",Autoinforme,comercial
Rasgos de personalidad,Eje II; Eje III,5,personalidad; personalidad antisocial; personalidad borderline; rasgos de personalidad; trastorno de personalidad,bfi-2_77,BFI-2,Inventario de los Cinco Grandes 2,Eje III,"Rasgos de Personalidad (Neuroticismo, Extraversión, Apertura, Amabilidad, Responsabilidad)",Autoinforme,abierto
Rasgos de personalidad,Eje II; Eje III,5,personalidad; personalidad antisocial; personalidad borderline; rasgos de personalidad; trastorno de personalidad,hexaco-pi-r_78,HEXACO-PI-R,Inventario de Personalidad HEXACO Revisado,Eje III,"Rasgos de Personalidad (Neuroticismo, Extraversión, Apertura, Amabilidad, Responsabilidad)",Autoinforme,abierto
Rasgos de personalidad,Eje II; Eje III,5,personalidad; personalidad antisocial; personalidad borderline; rasgos de personalidad; trastorno de personalidad,tci-r_79,TCI-R,Inventario de Temperamento y Carácter Revisado,Eje III,"Rasgos de Personalidad (Neuroticismo, Extraversión, Apertura, Amabilidad, Responsabilidad)",Autoinforme,academico
Rasgos de personalidad,Eje II; Eje III,5,personalidad; personalidad antisocial; personalidad borderline; rasgos de personalidad; trastorno de personalidad,fmps_159,FMPS,Escala Multidimensional de Perfeccionismo,Eje II,Perfeccionismo multidimensional,Autoinforme,academico
Regulación afectiva y mecanismos de humor,Eje II,1,Cuestionario de Estilos de Humor (HSQ-24); HSQ-24,hsq-24_new,HSQ-24,Cuestionario de Estilos de Humor (HSQ-24),Eje II,Regulación afectiva y mecanismos de humor,Autoinforme,abierto
Regulación emocional,Eje II,10,control emocional; disfunción emocional; estabilidad emocional; homeostasis emocional; regulación afectiva; regulación emocional,ders_59,DERS,Escala de Dificultades en la Regulación Emocional,Eje II,Regulación y Desregulación emocional,Autoinforme,abierto
Regulación emocional,Eje II,10,control emocional; disfunción emocional; estabilidad emocional; homeostasis emocional; regulación afectiva; regulación emocional,cerq_60,CERQ,Cuestionario de Regulación Cognitiva de las Emociones,Eje II,Regulación y Desregulación emocional,Autoinforme,abierto
Regulación emocional,Eje II,10,control emocional; disfunción emocional; estabilidad emocional; homeostasis emocional; regulación afectiva; regulación emocional,leas_61,LEAS,Escala de Niveles de Conciencia Emocional,Eje II,Conciencia emocional,Rendimiento neurocognitivo / Tarea de ejecución,abierto
Regulación emocional,Eje II,10,control emocional; disfunción emocional; estabilidad emocional; homeostasis emocional; regulación afectiva; regulación emocional,tas-20_62,TAS-20,Escala de Alexitimia de Toronto,Eje II,Claridad emocional y Alexitimia,Autoinforme,abierto
Regulación emocional,Eje II,10,control emocional; disfunción emocional; estabilidad emocional; homeostasis emocional; regulación afectiva; regulación emocional,ersq_new1,ERSQ,Emotion-Regulation Skills Questionnaire (Cuestionario de Habilidades de Regulación Emocional),Eje II,Habilidades específicas de regulación emocional (modelo ACE),Autoinforme,abierto
Regulación emocional,Eje II,10,control emocional; disfunción emocional; estabilidad emocional; homeostasis emocional; regulación afectiva; regulación emocional,erq_158,ERQ,Emotion Regulation Questionnaire - Cuestionario de Autorregulacion Emocional,Eje II,"Regulacion emocional (reevaluacion cognitiva, supresion expresiva)",Autoinforme,abierto
Regulación emocional,Eje II,10,control emocional; disfunción emocional; estabilidad emocional; homeostasis emocional; regulación afectiva; regulación emocional,panas_161,PANAS,Escala de Afecto Positivo y Negativo,Eje II,Afecto positivo y negativo,Autoinforme,academico
Regulación emocional,Eje II,10,control emocional; disfunción emocional; estabilidad emocional; homeostasis emocional; regulación afectiva; regulación emocional,tmms24_163,TMMS-24,Trait Meta-Mood Scale-24,Eje II,"Inteligencia emocional percibida (atencion, claridad, reparacion)",Autoinforme,academico
Regulación emocional,Eje II,10,control emocional; disfunción emocional; estabilidad emocional; homeostasis emocional; regulación afectiva; regulación emocional,scs_169,SCS,Escala de Autocompasión (Self-Compassion Scale - Formas de 26 y 12 ítems),Eje II,Autocompasión y regulación afectiva (3 polaridades / 6 subescalas),Autoinforme,abierto
Regulación emocional,Eje II,10,control emocional; disfunción emocional; estabilidad emocional; homeostasis emocional; regulación afectiva; regulación emocional,aim-a_219,AIM-A,Affect Intensity Measure,Eje II,Intensidad de la reactividad afectiva,Autoinforme,academico
Rendimiento académico,Eje IV,2,aptitud académica; desempeño académico; rendimiento académico; rendimiento cognitivo; rendimiento escolar; rendimiento intelectual,chte_103,CHTE,Cuestionario de Hábitos y Técnicas de Estudio,Eje IV,"Rendimiento académico, Hábitos de estudio y Adaptación escolar",Autoinforme,academico
Rendimiento académico,Eje IV,2,aptitud académica; desempeño académico; rendimiento académico; rendimiento cognitivo; rendimiento escolar; rendimiento intelectual,basc-3_104,BASC-3,Sistema de Evaluación de la Conducta de Niños y Adolescentes (Subescalas de Adaptación),Eje IV,"Rendimiento académico, Hábitos de estudio y Adaptación escolar",Autoinforme,comercial
Resiliencia y superación de adversidades,Eje II,1,ER-25; Escala de Resiliencia de Wagnild y Young (25 ítems),er-25_new,ER-25,Escala de Resiliencia de Wagnild y Young (25 ítems),Eje II,Resiliencia y superación de adversidades,Autoinforme,comercial
Riesgo y conducta suicida,Eje I,2,Escala de Intencionalidad Suicida de Beck (SIS); Escala de Riesgo Suicida de Plutchik; RS-Plutchik; SIS,sis_new,SIS,Escala de Intencionalidad Suicida de Beck (SIS),Eje I,Riesgo y conducta suicida,Heteroaplicado / Entrevista clínica,abierto
Riesgo y conducta suicida,Eje I,2,Escala de Intencionalidad Suicida de Beck (SIS); Escala de Riesgo Suicida de Plutchik; RS-Plutchik; SIS,rs-plutchik_new,RS-Plutchik,Escala de Riesgo Suicida de Plutchik,Eje I,Riesgo y conducta suicida,Autoinforme,abierto
Salud sexual,Eje VI,6,salud reproductiva; salud sexual; salud sexual integral; salud sexual y reproductiva; sexualidad; sexualidad humana,prsexdq_new1,PRSexDQ-SALSEX,Cuestionario de Disfunción Sexual Secundaria al Tratamiento con Psicofármacos,Eje VI,Salud sexual (disfunción inducida por fármacos),Heteroaplicado / Entrevista clínica,abierto
Salud sexual,Eje VI,6,salud reproductiva; salud sexual; salud sexual integral; salud sexual y reproductiva; sexualidad; sexualidad humana,sisses_new1,SIS/SES-SF,Sexual Inhibition/Sexual Excitation Scales — Short Form,Eje VI,Salud sexual (propensión a inhibición/excitación),Autoinforme,abierto
Salud sexual,Eje VI,6,salud reproductiva; salud sexual; salud sexual integral; salud sexual y reproductiva; sexualidad; sexualidad humana,csfq_204,CSFQ,Changes in Sexual Functioning Questionnaire,Eje VI,Funcionamiento sexual,Autoinforme,academico
Salud sexual,Eje VI,6,salud reproductiva; salud sexual; salud sexual integral; salud sexual y reproductiva; sexualidad; sexualidad humana,iief_205,IIEF,Índice Internacional de Función Eréctil,Eje VI,Función eréctil,Autoinforme,academico
Salud sexual,Eje VI,6,salud reproductiva; salud sexual; salud sexual integral; salud sexual y reproductiva; sexualidad; sexualidad humana,mghsfq_206,MGH-SFQ,Massachusetts General Hospital Sexual Functioning Q.,Eje VI,Funcionamiento sexual,Autoinforme,academico
Salud sexual,Eje VI,6,salud reproductiva; salud sexual; salud sexual integral; salud sexual y reproductiva; sexualidad; sexualidad humana,asex_207,ASEX,Arizona Sexual Experience Scale,Eje VI,Funcionamiento sexual,Heteroaplicado / Entrevista clínica,academico
Sobrecarga familiar y dinámica de cuidados,Eje IV,1,Escala de Sobrecarga del Cuidador de Zarit (ZBI); ZBI,zbi_new,ZBI,Escala de Sobrecarga del Cuidador de Zarit (ZBI),Eje IV,Sobrecarga familiar y dinámica de cuidados,Heteroaplicado / Entrevista clínica,comercial
Sueño y ritmos circadianos,Eje VI,6,desajuste circadiano; horquillas; insomnio; ritmos circadianos; somnolencia diurna; sueño,psqi_135,PSQI,Índice de Calidad de Sueño de Pittsburgh,Eje VI,Sueño y ritmos circadianos,Autoinforme,abierto
Sueño y ritmos circadianos,Eje VI,6,desajuste circadiano; horquillas; insomnio; ritmos circadianos; somnolencia diurna; sueño,isi_136,ISI,Índice de Gravedad del Insomnio,Eje VI,Sueño y ritmos circadianos,Autoinforme,abierto
Sueño y ritmos circadianos,Eje VI,6,desajuste circadiano; horquillas; insomnio; ritmos circadianos; somnolencia diurna; sueño,ess_137,ESS,Escala de Somnolencia de Epworth,Eje VI,Sueño y ritmos circadianos,Autoinforme,abierto
Sueño y ritmos circadianos,Eje VI,6,desajuste circadiano; horquillas; insomnio; ritmos circadianos; somnolencia diurna; sueño,meqsa_new1,MEQ-SA,Cuestionario de Matutinidad-Vespertinidad de Horne y Östberg (versión española),Eje VI,Cronotipo/ritmo circadiano,Rendimiento neurocognitivo / Tarea de ejecución,abierto
Sueño y ritmos circadianos,Eje VI,6,desajuste circadiano; horquillas; insomnio; ritmos circadianos; somnolencia diurna; sueño,stopbang_new1,STOP-Bang,Cuestionario STOP-Bang,Eje VI,Riesgo de apnea del sueño,Autoinforme,abierto
Sueño y ritmos circadianos,Eje VI,6,desajuste circadiano; horquillas; insomnio; ritmos circadianos; somnolencia diurna; sueño,cos_203,COS,Cuestionario Oviedo de Calidad del Sueño,Eje VI,Calidad del sueño,Heteroaplicado / Entrevista clínica,academico
Suicidio y autolesión,Eje I,5,NSSI; autolesiones; ideación suicida; riesgo de suicidio,c-ssrs_46,C-SSRS,Escala Columbia para Evaluar el Riesgo de Suicidio,Eje I,Ideación y Conducta suicida,Heteroaplicado / Entrevista clínica,abierto
Suicidio y autolesión,Eje I,5,NSSI; autolesiones; ideación suicida; riesgo de suicidio,bss_47,BSS,Escala de Ideación Suicida de Beck,Eje I,Ideación y Conducta suicida,Autoinforme,comercial
Suicidio y autolesión,Eje I,5,NSSI; autolesiones; ideación suicida; riesgo de suicidio,isas_48,ISAS,Inventario de Declaraciones sobre Autolesiones,Eje I,Autolesiones no suicidas,Autoinforme,abierto
Suicidio y autolesión,Eje I,5,NSSI; autolesiones; ideación suicida; riesgo de suicidio,ers_147,ERS,Escala para Evaluar el Riesgo Suicida,Eje I,"Riesgo suicida (desesperanza, ideacion/planeacion, aislamiento social, apoyo familiar)",Autoinforme,academico
Suicidio y autolesión,Eje I,5,NSSI; autolesiones; ideación suicida; riesgo de suicidio,rfl_185,RFL,Reasons for Living Inventory (Linehan),Eje I,Factores protectores frente al suicidio,Autoinforme,academico
Sustancias y alcoholismo,Eje I; Eje VI,11,AUDIT; abuso de drogas; adicción; consumo problemático; dependencia,assist_38,ASSIST,"Prueba de Detección de Consumo de Alcohol, Tabaco y Sustancias",Eje I,Uso problemático de sustancias,Heteroaplicado / Entrevista clínica,abierto
Sustancias y alcoholismo,Eje I; Eje VI,11,AUDIT; abuso de drogas; adicción; consumo problemático; dependencia,audit_39,AUDIT,Prueba de Identificación de Trastornos Relacionados con el Alcohol,Eje I,Uso problemático de sustancias,Heteroaplicado / Entrevista clínica,abierto
Sustancias y alcoholismo,Eje I; Eje VI,11,AUDIT; abuso de drogas; adicción; consumo problemático; dependencia,dast-10_40,DAST-10,Prueba de Detección de Abuso de Drogas,Eje I,Uso problemático de sustancias,Heteroaplicado / Entrevista clínica,abierto
Sustancias y alcoholismo,Eje I; Eje VI,11,AUDIT; abuso de drogas; adicción; consumo problemático; dependencia,ftnd_new1,FTND,Test de Fagerström de Dependencia de la Nicotina,Eje VI,Tabaco,Autoinforme,abierto
Sustancias y alcoholismo,Eje I; Eje VI,11,AUDIT; abuso de drogas; adicción; consumo problemático; dependencia,malt_195,MALT,Münchner Alkoholismustest,Eje I,Diagnóstico de alcoholismo,Autoinforme,academico
Sustancias y alcoholismo,Eje I; Eje VI,11,AUDIT; abuso de drogas; adicción; consumo problemático; dependencia,isca_196,ISCA,Interrogatorio Sistematizado de Consumos Alcohólicos,Eje I,Consumo de alcohol,Heteroaplicado / Entrevista clínica,academico
Sustancias y alcoholismo,Eje I; Eje VI,11,AUDIT; abuso de drogas; adicción; consumo problemático; dependencia,europasi_197,EuropASI,Índice Europeo de Gravedad de la Adicción,Eje I,Gravedad multidimensional de adicción,Heteroaplicado / Entrevista clínica,academico
Sustancias y alcoholismo,Eje I; Eje VI,11,AUDIT; abuso de drogas; adicción; consumo problemático; dependencia,sadq_198,SADQ,Severity of Alcohol Dependence Questionnaire,Eje I,Severidad de dependencia alcohólica,Heteroaplicado / Entrevista clínica,academico
Sustancias y alcoholismo,Eje I; Eje VI,11,AUDIT; abuso de drogas; adicción; consumo problemático; dependencia,eida_199,EIDA,Escala de la Intensidad de la Dependencia al Alcohol,Eje I,Dependencia alcohólica,Heteroaplicado / Entrevista clínica,academico
Sustancias y alcoholismo,Eje I; Eje VI,11,AUDIT; abuso de drogas; adicción; consumo problemático; dependencia,ocds_200,OCDS,Obsessive Compulsive Drinking Scale,Eje I,Craving/compulsión por alcohol,Autoinforme,academico
Sustancias y alcoholismo,Eje I; Eje VI,11,AUDIT; abuso de drogas; adicción; consumo problemático; dependencia,bwsq_208,BWSQ,Benzodiazepine Withdrawal Symptom Questionnaire,Eje VI,Abstinencia de benzodiacepinas,Autoinforme,academico
Síntomas somatomorfos y somatización,Eje VI,1,Othmer-DeSouza; Test de Detección de Somatización de Othmer y DeSouza,othmer-desouza_new,Othmer-DeSouza,Test de Detección de Somatización de Othmer y DeSouza,Eje VI,Síntomas somatomorfos y somatización,Autoinforme,abierto
Trastorno bipolar y ciclotimia,Eje I,1,BSDS; Escala Diagnóstica del Espectro Bipolar de Ghaemi,bsds_new,BSDS,Escala Diagnóstica del Espectro Bipolar de Ghaemi,Eje I,Trastorno bipolar y ciclotimia,Autoinforme,abierto
Trastornos de la conducta alimentaria,Eje I,3,EAT-26; EAT-40; EAT-40-SERGAS; Test de Actitudes hacia la Alimentación (40 ítems); Test de Actitudes hacia la Alimentación (Formato SERGAS); Test de Actitudes hacia la Alimentación - Versión Abreviada (26 ítems),eat-40_new,EAT-40,Test de Actitudes hacia la Alimentación (40 ítems),Eje I,Trastornos de la conducta alimentaria,Autoinforme,abierto
Trastornos de la conducta alimentaria,Eje I,3,EAT-26; EAT-40; EAT-40-SERGAS; Test de Actitudes hacia la Alimentación (40 ítems); Test de Actitudes hacia la Alimentación (Formato SERGAS); Test de Actitudes hacia la Alimentación - Versión Abreviada (26 ítems),eat-26_new,EAT-26,Test de Actitudes hacia la Alimentación - Versión Abreviada (26 ítems),Eje I,Trastornos de la conducta alimentaria,Autoinforme,abierto
Trastornos de la conducta alimentaria,Eje I,3,EAT-26; EAT-40; EAT-40-SERGAS; Test de Actitudes hacia la Alimentación (40 ítems); Test de Actitudes hacia la Alimentación (Formato SERGAS); Test de Actitudes hacia la Alimentación - Versión Abreviada (26 ítems),eat-40-sergas_new,EAT-40-SERGAS,Test de Actitudes hacia la Alimentación (Formato SERGAS),Eje I,Trastornos de la conducta alimentaria,Autoinforme,abierto
Trauma y estrés postraumático,Eje I,11,TEPT; disociación; estrés agudo; trauma complejo,pcl-5_9,PCL-5,Lista de Chequeo del TEPT para el DSM-5,Eje I,Trauma y estrés postraumático,Autoinforme,abierto
Trauma y estrés postraumático,Eje I,11,TEPT; disociación; estrés agudo; trauma complejo,caps-5_10,CAPS-5,Escala Administrada por Clínico para el TEPT,Eje I,Trauma y estrés postraumático,Heteroaplicado / Entrevista clínica,abierto
Trauma y estrés postraumático,Eje I,11,TEPT; disociación; estrés agudo; trauma complejo,ies-r_11,IES-R,Escala de Impacto del Evento Revisada,Eje I,Trauma y estrés postraumático,Autoinforme,abierto
Trauma y estrés postraumático,Eje I,11,TEPT; disociación; estrés agudo; trauma complejo,dts_12,DTS,Escala de Trauma de Davidson,Eje I,Trauma y estrés postraumático,Autoinforme,comercial
Trauma y estrés postraumático,Eje I,11,TEPT; disociación; estrés agudo; trauma complejo,jvq_50,JVQ,Cuestionario de Victimización Juvenil,Eje I,Vulnerabilidad y victimización,Autoinforme,abierto
Trauma y estrés postraumático,Eje I,11,TEPT; disociación; estrés agudo; trauma complejo,aceq_93,ACEQ,Cuestionario de Experiencias Adversas en la Infancia,Eje I,Trauma acumulado y Adversidad temprana,Autoinforme,abierto
Trauma y estrés postraumático,Eje I,11,TEPT; disociación; estrés agudo; trauma complejo,ctq-sf_94,CTQ-SF,Cuestionario de Trauma Infantil - Versión Breve,Eje I,Trauma acumulado y Adversidad temprana,Autoinforme,comercial
Trauma y estrés postraumático,Eje I,11,TEPT; disociación; estrés agudo; trauma complejo,egsr_151,EGS-R,Escala de Gravedad de Sintomas del TEPT-Revisada,Eje I,"Gravedad de sintomas de TEPT segun DSM-5 (intrusion, evitacion, cognicion/animo, hiperactivacion, disociacion, disfuncionalidad)",Autoinforme,academico
Trauma y estrés postraumático,Eje I,11,TEPT; disociación; estrés agudo; trauma complejo,tq_191,TQ,Trauma Questionnaire,Eje I,Exposición a eventos traumáticos,Autoinforme,academico
Trauma y estrés postraumático,Eje I,11,TEPT; disociación; estrés agudo; trauma complejo,dgrp_192,DGRP,Duke Global Rating Scale for PTSD,Eje I,Cambio global en TEPT,Heteroaplicado / Entrevista clínica,academico
Trauma y estrés postraumático,Eje I,11,TEPT; disociación; estrés agudo; trauma complejo,top-8_220,TOP-8,Escala de 8 ítems para los Resultados del Tratamiento del TEPT,Eje I,Respuesta al tratamiento en TEPT,Heteroaplicado / Entrevista clínica,academico
